Workbook

Sheet Rates
A1: Rate | B1: Value
A2: Linear diffuser $/LF | B2: 90
A3: LF per diffuser | B3: 4
A4: Plenum box $/EA | B4: 95
A5: Branch $/EA | B5: 45
A6: VD/CO $/EA | B6: 85
A7: Mechanic MH per diffuser | B7: 5.5
A8: Mechanic $/MH | B8: 125
A9: Foreman $/HR | B9: 155

Sheet By area
A1: Floor | B1: Area | C1: Location | D1: LD qty | E1: CFM | F1: Material $ | G1: Labor MH | H1: Labor $ | I1: Total $
A2: 29 | B2: 29-1 | C2: North-east corner, W 42nd St / Broadway | D2: 4 | E2: 1200 | F2: =D2*(Rates!$B$2*Rates!$B$3+Rates!$B$4+Rates!$B$5+Rates!$B$6) | G2: =D2*Rates!$B$7 | H2: =G2*Rates!$B$8 | I2: =F2+H2
A3: 29 | B3: 29-2 | C3: Seventh Ave, north | D3: 3 | E3: 800 | F3: =D3*(Rates!$B$2*Rates!$B$3+Rates!$B$4+Rates!$B$5+Rates!$B$6) | G3: =D3*Rates!$B$7 | H3: =G3*Rates!$B$8 | I3: =F3+H3
A4: 29 | B4: 29-3 | C4: Seventh Ave, Open Office 29.42 | D4: 6 | E4: 1600 | F4: =D4*(Rates!$B$2*Rates!$B$3+Rates!$B$4+Rates!$B$5+Rates!$B$6) | G4: =D4*Rates!$B$7 | H4: =G4*Rates!$B$8 | I4: =F4+H4
A5: 29 | B5: 29-4 | C5: Broadway, north | D5: 2 | E5: 400 | F5: =D5*(Rates!$B$2*Rates!$B$3+Rates!$B$4+Rates!$B$5+Rates!$B$6) | G5: =D5*Rates!$B$7 | H5: =G5*Rates!$B$8 | I5: =F5+H5
A6: 29 | B6: 29-5 | C6: Seventh Ave, south (north end of sheet B) | D6: 4 | E6: 1200 | F6: =D6*(Rates!$B$2*Rates!$B$3+Rates!$B$4+Rates!$B$5+Rates!$B$6) | G6: =D6*Rates!$B$7 | H6: =G6*Rates!$B$8 | I6: =F6+H6
A7: 29 | B7: 29-6 | C7: Seventh Ave, south | D7: 4 | E7: 1200 | F7: =D7*(Rates!$B$2*Rates!$B$3+Rates!$B$4+Rates!$B$5+Rates!$B$6) | G7: =D7*Rates!$B$7 | H7: =G7*Rates!$B$8 | I7: =F7+H7
A8: 30 | B8: 30-1 | C8: Seventh Ave, north | D8: 3 | E8: 800 | F8: =D8*(Rates!$B$2*Rates!$B$3+Rates!$B$4+Rates!$B$5+Rates!$B$6) | G8: =D8*Rates!$B$7 | H8: =G8*Rates!$B$8 | I8: =F8+H8
A9: 30 | B9: 30-2 | C9: Seventh Ave, Open Office 30.35 | D9: 5 | E9: 1300 | F9: =D9*(Rates!$B$2*Rates!$B$3+Rates!$B$4+Rates!$B$5+Rates!$B$6) | G9: =D9*Rates!$B$7 | H9: =G9*Rates!$B$8 | I9: =F9+H9
A10: 30 | B10: 30-3 | C10: South wall (W 41st St side) | D10: 4 | E10: 1200 | F10: =D10*(Rates!$B$2*Rates!$B$3+Rates!$B$4+Rates!$B$5+Rates!$B$6) | G10: =D10*Rates!$B$7 | H10: =G10*Rates!$B$8 | I10: =F10+H10
A11: 31 | B11: 31-1 | C11: Seventh Ave, north (Focus Rm 31.65 / Corridor 31.51) | D11: 2 | E11: 400 | F11: =D11*(Rates!$B$2*Rates!$B$3+Rates!$B$4+Rates!$B$5+Rates!$B$6) | G11: =D11*Rates!$B$7 | H11: =G11*Rates!$B$8 | I11: =F11+H11
A12: 31 | B12: 31-2 | C12: Seventh Ave, Huddle Rms 31.46 / 31.47 | D12: 3 | E12: 800 | F12: =D12*(Rates!$B$2*Rates!$B$3+Rates!$B$4+Rates!$B$5+Rates!$B$6) | G12: =D12*Rates!$B$7 | H12: =G12*Rates!$B$8 | I12: =F12+H12
A13: 31 | B13: 31-3 | C13: Seventh Ave, at IDF 31.44 (match line) | D13: 1 | E13: 300 | F13: =D13*(Rates!$B$2*Rates!$B$3+Rates!$B$4+Rates!$B$5+Rates!$B$6) | G13: =D13*Rates!$B$7 | H13: =G13*Rates!$B$8 | I13: =F13+H13
... A16: 31 | B16: 31-6 | C16: Broadway, south | D16: 2 | E16: 600 | F16: =D16*(Rates!$B$2*Rates!$B$3+Rates!$B$4+Rates!$B$5+Rates!$B$6) | G16: =D16*Rates!$B$7 | H16: =G16*Rates!$B$8 | I16: =F16+H16

Sheet By floor
A1: Floor | B1: LD qty | C1: Material $ | D1: Labor $ | E1: Foreman hr | F1: Foreman $ | G1: Air balancing $ | H1: Shop drawings $ | I1: Total $
A2: 29 | B2: =SUMIF('By area'!A:A,A2,'By area'!D:D) | C2: =SUMIF('By area'!A:A,A2,'By area'!F:F) | D2: =SUMIF('By area'!A:A,A2,'By area'!H:H) | E2: 30 | F2: =E2*Rates!$B$9 | G2: 2500 | H2: 1500 | I2: =C2+D2+F2+G2+H2
A3: 30 | B3: =SUMIF('By area'!A:A,A3,'By area'!D:D) | C3: =SUMIF('By area'!A:A,A3,'By area'!F:F) | D3: =SUMIF('By area'!A:A,A3,'By area'!H:H) | E3: 15 | F3: =E3*Rates!$B$9 | G3: 1200 | H3: 750 | I3: =C3+D3+F3+G3+H3
A4: 31 | B4: =SUMIF('By area'!A:A,A4,'By area'!D:D) | C4: =SUMIF('By area'!A:A,A4,'By area'!F:F) | D4: =SUMIF('By area'!A:A,A4,'By area'!H:H) | E4: 15 | F4: =E4*Rates!$B$9 | G4: 1200 | H4: 750 | I4: =C4+D4+F4+G4+H4
A5: Total | B5: =SUM(B2:B4) | C5: =SUM(C2:C4) | D5: =SUM(D2:D4) | E5: =SUM(E2:E4) | F5: =SUM(F2:F4) | G5: =SUM(G2:G4) | H5: =SUM(H2:H4) | I5: =SUM(I2:I4)
